actor,mention_count,article_id
Russian,7,656672cc-6d4d-41a4-bbdc-7a8af1607ff2
Poland,9,656672cc-6d4d-41a4-bbdc-7a8af1607ff2
Europe,1,656672cc-6d4d-41a4-bbdc-7a8af1607ff2
10 September 2025,1,656672cc-6d4d-41a4-bbdc-7a8af1607ff2
Russia,7,656672cc-6d4d-41a4-bbdc-7a8af1607ff2
Ukraine,9,656672cc-6d4d-41a4-bbdc-7a8af1607ff2
Polish,7,656672cc-6d4d-41a4-bbdc-7a8af1607ff2
First,3,656672cc-6d4d-41a4-bbdc-7a8af1607ff2
European,1,656672cc-6d4d-41a4-bbdc-7a8af1607ff2
Nato,3,656672cc-6d4d-41a4-bbdc-7a8af1607ff2
Wednesday Night,2,656672cc-6d4d-41a4-bbdc-7a8af1607ff2
Operational Command,1,656672cc-6d4d-41a4-bbdc-7a8af1607ff2
Facebook,2,656672cc-6d4d-41a4-bbdc-7a8af1607ff2
Operational Command Of The Polish Armed Forces,2,656672cc-6d4d-41a4-bbdc-7a8af1607ff2
Today,1,656672cc-6d4d-41a4-bbdc-7a8af1607ff2
Defense,1,656672cc-6d4d-41a4-bbdc-7a8af1607ff2
Vladislav Kosiniac-Kмыш,1,656672cc-6d4d-41a4-bbdc-7a8af1607ff2
Financial Times,2,656672cc-6d4d-41a4-bbdc-7a8af1607ff2
Reuters,2,656672cc-6d4d-41a4-bbdc-7a8af1607ff2
Four,1,656672cc-6d4d-41a4-bbdc-7a8af1607ff2
Two,3,656672cc-6d4d-41a4-bbdc-7a8af1607ff2
Warsaw,2,656672cc-6d4d-41a4-bbdc-7a8af1607ff2
One,4,656672cc-6d4d-41a4-bbdc-7a8af1607ff2
Lublin,2,656672cc-6d4d-41a4-bbdc-7a8af1607ff2
Yeshuve,1,656672cc-6d4d-41a4-bbdc-7a8af1607ff2
Chosny Mazoвецкого Воеводства Was,1,656672cc-6d4d-41a4-bbdc-7a8af1607ff2
Vyryki-Volya,1,656672cc-6d4d-41a4-bbdc-7a8af1607ff2
Polsatnews,1,656672cc-6d4d-41a4-bbdc-7a8af1607ff2
Donald Tusk,2,656672cc-6d4d-41a4-bbdc-7a8af1607ff2
Mark Rutte,1,656672cc-6d4d-41a4-bbdc-7a8af1607ff2
8:00 Local Time,1,656672cc-6d4d-41a4-bbdc-7a8af1607ff2
9:00,1,656672cc-6d4d-41a4-bbdc-7a8af1607ff2
Moscow,1,656672cc-6d4d-41a4-bbdc-7a8af1607ff2
"1,2",1,656672cc-6d4d-41a4-bbdc-7a8af1607ff2
Dozens,1,656672cc-6d4d-41a4-bbdc-7a8af1607ff2
Zhytomynsk,1,656672cc-6d4d-41a4-bbdc-7a8af1607ff2
Kmelnytsk,1,656672cc-6d4d-41a4-bbdc-7a8af1607ff2
Three,2,656672cc-6d4d-41a4-bbdc-7a8af1607ff2
Vinnitz,1,656672cc-6d4d-41a4-bbdc-7a8af1607ff2
Ministry Of Defense,1,656672cc-6d4d-41a4-bbdc-7a8af1607ff2
Overnight,1,656672cc-6d4d-41a4-bbdc-7a8af1607ff2
122,1,656672cc-6d4d-41a4-bbdc-7a8af1607ff2
Ukrainian,1,656672cc-6d4d-41a4-bbdc-7a8af1607ff2
21,1,656672cc-6d4d-41a4-bbdc-7a8af1607ff2
Bryansk,1,656672cc-6d4d-41a4-bbdc-7a8af1607ff2
17,1,656672cc-6d4d-41a4-bbdc-7a8af1607ff2
Crimea,1,656672cc-6d4d-41a4-bbdc-7a8af1607ff2
12,1,656672cc-6d4d-41a4-bbdc-7a8af1607ff2
Voronezh,1,656672cc-6d4d-41a4-bbdc-7a8af1607ff2
11,1,656672cc-6d4d-41a4-bbdc-7a8af1607ff2
Belgorod,1,656672cc-6d4d-41a4-bbdc-7a8af1607ff2
Kursk,1,656672cc-6d4d-41a4-bbdc-7a8af1607ff2
Krasnodar,1,656672cc-6d4d-41a4-bbdc-7a8af1607ff2
Nine,1,656672cc-6d4d-41a4-bbdc-7a8af1607ff2
Orlovsk,1,656672cc-6d4d-41a4-bbdc-7a8af1607ff2
Five,1,656672cc-6d4d-41a4-bbdc-7a8af1607ff2
Kaługsk,1,656672cc-6d4d-41a4-bbdc-7a8af1607ff2
Rязанsk,1,656672cc-6d4d-41a4-bbdc-7a8af1607ff2
Nizhnygorod,1,656672cc-6d4d-41a4-bbdc-7a8af1607ff2
Rostov,3,656672cc-6d4d-41a4-bbdc-7a8af1607ff2
Tversk,1,656672cc-6d4d-41a4-bbdc-7a8af1607ff2
Tulsk,1,656672cc-6d4d-41a4-bbdc-7a8af1607ff2
15,1,656672cc-6d4d-41a4-bbdc-7a8af1607ff2
Black Sea,1,656672cc-6d4d-41a4-bbdc-7a8af1607ff2
Yuriy Slyusar,1,656672cc-6d4d-41a4-bbdc-7a8af1607ff2
Telegram,1,656672cc-6d4d-41a4-bbdc-7a8af1607ff2
Twitter,1,656672cc-6d4d-41a4-bbdc-7a8af1607ff2
Last Night,1,12878209-a1bc-4701-bd30-703a5d1267a5
At Least Eight,1,12878209-a1bc-4701-bd30-703a5d1267a5
Ukrainian,1,12878209-a1bc-4701-bd30-703a5d1267a5
Polish,7,12878209-a1bc-4701-bd30-703a5d1267a5
Warsaw,1,12878209-a1bc-4701-bd30-703a5d1267a5
Jeshuave,1,12878209-a1bc-4701-bd30-703a5d1267a5
Ljubljana,1,12878209-a1bc-4701-bd30-703a5d1267a5
Germany,1,12878209-a1bc-4701-bd30-703a5d1267a5
Nato,10,12878209-a1bc-4701-bd30-703a5d1267a5
Royal Netherlands Air Force,1,12878209-a1bc-4701-bd30-703a5d1267a5
Donald Tusk,6,12878209-a1bc-4701-bd30-703a5d1267a5
Dozens,2,12878209-a1bc-4701-bd30-703a5d1267a5
Russia,5,12878209-a1bc-4701-bd30-703a5d1267a5
Poland,5,12878209-a1bc-4701-bd30-703a5d1267a5
Mark Rutte,1,12878209-a1bc-4701-bd30-703a5d1267a5
Reuters,1,12878209-a1bc-4701-bd30-703a5d1267a5
United Nations,1,12878209-a1bc-4701-bd30-703a5d1267a5
6 To 10,1,12878209-a1bc-4701-bd30-703a5d1267a5
Night,1,12878209-a1bc-4701-bd30-703a5d1267a5
Kiev,12,12878209-a1bc-4701-bd30-703a5d1267a5
Yesterday,1,12878209-a1bc-4701-bd30-703a5d1267a5
Evening,1,12878209-a1bc-4701-bd30-703a5d1267a5
Russian,2,12878209-a1bc-4701-bd30-703a5d1267a5
European,1,12878209-a1bc-4701-bd30-703a5d1267a5
Ukraine,4,12878209-a1bc-4701-bd30-703a5d1267a5
Europe,1,12878209-a1bc-4701-bd30-703a5d1267a5
United States,4,12878209-a1bc-4701-bd30-703a5d1267a5
United States'S,1,12878209-a1bc-4701-bd30-703a5d1267a5
Vladimir Zelensky,4,12878209-a1bc-4701-bd30-703a5d1267a5
Andrzej Duda,1,12878209-a1bc-4701-bd30-703a5d1267a5
Poles,1,12878209-a1bc-4701-bd30-703a5d1267a5
Pvo,2,12878209-a1bc-4701-bd30-703a5d1267a5
Reu,3,12878209-a1bc-4701-bd30-703a5d1267a5
Plekhanova,3,12878209-a1bc-4701-bd30-703a5d1267a5
Andrei Koshin,4,12878209-a1bc-4701-bd30-703a5d1267a5
Department Of Political And Sociology,3,12878209-a1bc-4701-bd30-703a5d1267a5
Reu Plekhanova,1,12878209-a1bc-4701-bd30-703a5d1267a5
European Union,2,12878209-a1bc-4701-bd30-703a5d1267a5
Moscow,2,d645d416-808e-4eee-ab3f-e20595795e58
10 September,1,d645d416-808e-4eee-ab3f-e20595795e58
Poland,7,d645d416-808e-4eee-ab3f-e20595795e58
Donald Tusk,4,d645d416-808e-4eee-ab3f-e20595795e58
Polish,3,d645d416-808e-4eee-ab3f-e20595795e58
Adam Schlapka,2,d645d416-808e-4eee-ab3f-e20595795e58
08:00,1,d645d416-808e-4eee-ab3f-e20595795e58
09:00 Msk,1,d645d416-808e-4eee-ab3f-e20595795e58
X,1,d645d416-808e-4eee-ab3f-e20595795e58
Earlier On Wednesday,1,d645d416-808e-4eee-ab3f-e20595795e58
Night,1,d645d416-808e-4eee-ab3f-e20595795e58
Four,1,d645d416-808e-4eee-ab3f-e20595795e58
Warsaw,1,d645d416-808e-4eee-ab3f-e20595795e58
Poles,2,d645d416-808e-4eee-ab3f-e20595795e58
Twitter,1,d645d416-808e-4eee-ab3f-e20595795e58
Russia,1,d645d416-808e-4eee-ab3f-e20595795e58
Unsplash.Com,1,3afb6d2f-3700-4f7e-9f3b-4ca08678f00e
Russian,3,3afb6d2f-3700-4f7e-9f3b-4ca08678f00e
Bpls,2,3afb6d2f-3700-4f7e-9f3b-4ca08678f00e
Poland,5,3afb6d2f-3700-4f7e-9f3b-4ca08678f00e
700 Km,1,3afb6d2f-3700-4f7e-9f3b-4ca08678f00e
Ministry Of Defense,1,3afb6d2f-3700-4f7e-9f3b-4ca08678f00e
Russian Federation,1,3afb6d2f-3700-4f7e-9f3b-4ca08678f00e
Ministry Of Defense Of The Russian Federation,2,3afb6d2f-3700-4f7e-9f3b-4ca08678f00e
Polish Ministry Of Defence,1,3afb6d2f-3700-4f7e-9f3b-4ca08678f00e
Russian Armed Forces,1,3afb6d2f-3700-4f7e-9f3b-4ca08678f00e
Ukrainian,1,3afb6d2f-3700-4f7e-9f3b-4ca08678f00e
Ivano,1,3afb6d2f-3700-4f7e-9f3b-4ca08678f00e
Frankovsk,1,3afb6d2f-3700-4f7e-9f3b-4ca08678f00e
Kmelnytskyi,1,3afb6d2f-3700-4f7e-9f3b-4ca08678f00e
Zhytomyrsk,1,3afb6d2f-3700-4f7e-9f3b-4ca08678f00e
Vinnitsa,1,3afb6d2f-3700-4f7e-9f3b-4ca08678f00e
Lviv,1,3afb6d2f-3700-4f7e-9f3b-4ca08678f00e
Morning Of September 10,1,3afb6d2f-3700-4f7e-9f3b-4ca08678f00e
Polish,1,3afb6d2f-3700-4f7e-9f3b-4ca08678f00e
Ministry Of Defense,2,82303d46-5ad7-4a35-9e2a-5eac68a79701
Russian Federation,6,82303d46-5ad7-4a35-9e2a-5eac68a79701
Ukraine,1,82303d46-5ad7-4a35-9e2a-5eac68a79701
Poland,3,82303d46-5ad7-4a35-9e2a-5eac68a79701
Night Of 10 September,1,82303d46-5ad7-4a35-9e2a-5eac68a79701
Five Hours,1,82303d46-5ad7-4a35-9e2a-5eac68a79701
122,1,82303d46-5ad7-4a35-9e2a-5eac68a79701
Vsu,2,82303d46-5ad7-4a35-9e2a-5eac68a79701
21,1,82303d46-5ad7-4a35-9e2a-5eac68a79701
Bryan,1,82303d46-5ad7-4a35-9e2a-5eac68a79701
17,1,82303d46-5ad7-4a35-9e2a-5eac68a79701
Crimea,1,82303d46-5ad7-4a35-9e2a-5eac68a79701
12,1,82303d46-5ad7-4a35-9e2a-5eac68a79701
Voronezh,1,82303d46-5ad7-4a35-9e2a-5eac68a79701
11,1,82303d46-5ad7-4a35-9e2a-5eac68a79701
Belgorod,1,82303d46-5ad7-4a35-9e2a-5eac68a79701
Kursk,1,82303d46-5ad7-4a35-9e2a-5eac68a79701
Krasnodar,1,82303d46-5ad7-4a35-9e2a-5eac68a79701
Nine,1,82303d46-5ad7-4a35-9e2a-5eac68a79701
Orlovsk,1,82303d46-5ad7-4a35-9e2a-5eac68a79701
Five,1,82303d46-5ad7-4a35-9e2a-5eac68a79701
Kaługsk,1,82303d46-5ad7-4a35-9e2a-5eac68a79701
Three,1,82303d46-5ad7-4a35-9e2a-5eac68a79701
Rязанsk,1,82303d46-5ad7-4a35-9e2a-5eac68a79701
Two,2,82303d46-5ad7-4a35-9e2a-5eac68a79701
Nizhnygorodsk,1,82303d46-5ad7-4a35-9e2a-5eac68a79701
Rostovsk,1,82303d46-5ad7-4a35-9e2a-5eac68a79701
Tversk,1,82303d46-5ad7-4a35-9e2a-5eac68a79701
One,2,82303d46-5ad7-4a35-9e2a-5eac68a79701
Tulsk,1,82303d46-5ad7-4a35-9e2a-5eac68a79701
15,1,82303d46-5ad7-4a35-9e2a-5eac68a79701
Black Sea,1,82303d46-5ad7-4a35-9e2a-5eac68a79701
Russian Armed Forces,2,82303d46-5ad7-4a35-9e2a-5eac68a79701
"""С-300""",1,82303d46-5ad7-4a35-9e2a-5eac68a79701
Matveev,1,82303d46-5ad7-4a35-9e2a-5eac68a79701
Rostovskaya,2,82303d46-5ad7-4a35-9e2a-5eac68a79701
Yuri Slyusarj,1,82303d46-5ad7-4a35-9e2a-5eac68a79701
Russian,2,82303d46-5ad7-4a35-9e2a-5eac68a79701
Volynsk,1,82303d46-5ad7-4a35-9e2a-5eac68a79701
Yeshua,1,82303d46-5ad7-4a35-9e2a-5eac68a79701
Western Armed Forces,1,82303d46-5ad7-4a35-9e2a-5eac68a79701
About 100,1,82303d46-5ad7-4a35-9e2a-5eac68a79701
Warsaw,1,82303d46-5ad7-4a35-9e2a-5eac68a79701
Lublin,1,82303d46-5ad7-4a35-9e2a-5eac68a79701
Evening Of 7 September,1,82303d46-5ad7-4a35-9e2a-5eac68a79701
Donetsk,1,82303d46-5ad7-4a35-9e2a-5eac68a79701
Makeyevku,1,82303d46-5ad7-4a35-9e2a-5eac68a79701
Gulliver,1,82303d46-5ad7-4a35-9e2a-5eac68a79701
Polish,18,d029b7c3-538c-4368-883f-671c7edd4be8
Russia,3,d029b7c3-538c-4368-883f-671c7edd4be8
Polish Ministry Of Defense,3,d029b7c3-538c-4368-883f-671c7edd4be8
Tusk,3,d029b7c3-538c-4368-883f-671c7edd4be8
11:50,1,d029b7c3-538c-4368-883f-671c7edd4be8
Russian,6,d029b7c3-538c-4368-883f-671c7edd4be8
Donald Tusk,1,d029b7c3-538c-4368-883f-671c7edd4be8
Bplas,2,d029b7c3-538c-4368-883f-671c7edd4be8
Nato,2,d029b7c3-538c-4368-883f-671c7edd4be8
Netherlands,1,d029b7c3-538c-4368-883f-671c7edd4be8
Joe Wilson,1,d029b7c3-538c-4368-883f-671c7edd4be8
Trump,1,d029b7c3-538c-4368-883f-671c7edd4be8
Ukrainian,2,d029b7c3-538c-4368-883f-671c7edd4be8
Eu,1,d029b7c3-538c-4368-883f-671c7edd4be8
Ukrainian Armed Forces,1,d029b7c3-538c-4368-883f-671c7edd4be8
European,1,d029b7c3-538c-4368-883f-671c7edd4be8
", Kaja Kallas",1,d029b7c3-538c-4368-883f-671c7edd4be8
Reuters,1,d029b7c3-538c-4368-883f-671c7edd4be8
Georgy Bowt,2,d029b7c3-538c-4368-883f-671c7edd4be8
Lublin,2,d029b7c3-538c-4368-883f-671c7edd4be8
Four,1,d029b7c3-538c-4368-883f-671c7edd4be8
Warsaw,1,d029b7c3-538c-4368-883f-671c7edd4be8
Jeshouve,1,d029b7c3-538c-4368-883f-671c7edd4be8
Ministry Of Defense Of Belarus,1,d029b7c3-538c-4368-883f-671c7edd4be8
Night,1,d029b7c3-538c-4368-883f-671c7edd4be8
Belarusian,2,d029b7c3-538c-4368-883f-671c7edd4be8
Security Council,1,d029b7c3-538c-4368-883f-671c7edd4be8
Dmitry Kornev,1,d029b7c3-538c-4368-883f-671c7edd4be8
Center For Military And Political Studies,1,d029b7c3-538c-4368-883f-671c7edd4be8
Diplomatic Academy,1,d029b7c3-538c-4368-883f-671c7edd4be8
Ministry Of Foreign Affairs,1,d029b7c3-538c-4368-883f-671c7edd4be8
Vadim Kozullin,1,d029b7c3-538c-4368-883f-671c7edd4be8
Early September,1,d029b7c3-538c-4368-883f-671c7edd4be8
Ukraine,1,d029b7c3-538c-4368-883f-671c7edd4be8
November 2022,1,d029b7c3-538c-4368-883f-671c7edd4be8
Two,1,d029b7c3-538c-4368-883f-671c7edd4be8
Russia,5,a3431294-2429-484e-a7f9-c7fdef48659b
Polish,10,a3431294-2429-484e-a7f9-c7fdef48659b
Russian Defense Ministry,3,a3431294-2429-484e-a7f9-c7fdef48659b
Nato,13,a3431294-2429-484e-a7f9-c7fdef48659b
19,4,a3431294-2429-484e-a7f9-c7fdef48659b
Warsaw,1,a3431294-2429-484e-a7f9-c7fdef48659b
Russian,3,a3431294-2429-484e-a7f9-c7fdef48659b
Ministry Of Internal Affairs,1,a3431294-2429-484e-a7f9-c7fdef48659b
Ten,1,a3431294-2429-484e-a7f9-c7fdef48659b
One,3,a3431294-2429-484e-a7f9-c7fdef48659b
Donald Tusk,3,a3431294-2429-484e-a7f9-c7fdef48659b
At Least Three,1,a3431294-2429-484e-a7f9-c7fdef48659b
Reb,1,a3431294-2429-484e-a7f9-c7fdef48659b
Lublin Voivodeship,1,a3431294-2429-484e-a7f9-c7fdef48659b
Ukraine,2,a3431294-2429-484e-a7f9-c7fdef48659b
Belarus,1,a3431294-2429-484e-a7f9-c7fdef48659b
Łódź Voivodeship,1,a3431294-2429-484e-a7f9-c7fdef48659b
Warminsk-Mazur Voivodeship,2,a3431294-2429-484e-a7f9-c7fdef48659b
Lithuania,1,a3431294-2429-484e-a7f9-c7fdef48659b
Ministry Of Defense Of Belarus,1,a3431294-2429-484e-a7f9-c7fdef48659b
Pvo,1,a3431294-2429-484e-a7f9-c7fdef48659b
Belarusian,2,a3431294-2429-484e-a7f9-c7fdef48659b
Polish Foreign Ministry,1,a3431294-2429-484e-a7f9-c7fdef48659b
Midday,1,a3431294-2429-484e-a7f9-c7fdef48659b
10 September,1,a3431294-2429-484e-a7f9-c7fdef48659b
Ukrainian,1,a3431294-2429-484e-a7f9-c7fdef48659b
700 Kilometers,1,a3431294-2429-484e-a7f9-c7fdef48659b
800 Kilometers,1,a3431294-2429-484e-a7f9-c7fdef48659b
Dmitry Kornev,1,a3431294-2429-484e-a7f9-c7fdef48659b
Western,1,a3431294-2429-484e-a7f9-c7fdef48659b
European,1,a3431294-2429-484e-a7f9-c7fdef48659b
Kaja Kallas,1,a3431294-2429-484e-a7f9-c7fdef48659b
Emmanuel Macron,1,a3431294-2429-484e-a7f9-c7fdef48659b
Lithuanian,2,a3431294-2429-484e-a7f9-c7fdef48659b
Reuters,2,a3431294-2429-484e-a7f9-c7fdef48659b
Foreign Ministry,1,a3431294-2429-484e-a7f9-c7fdef48659b
Poland,1,a3431294-2429-484e-a7f9-c7fdef48659b
Security Council,1,a3431294-2429-484e-a7f9-c7fdef48659b
Mark Rutte,2,a3431294-2429-484e-a7f9-c7fdef48659b
Russian Council For International Affairs'S,3,a3431294-2429-484e-a7f9-c7fdef48659b
Ivan Timofeyev,2,a3431294-2429-484e-a7f9-c7fdef48659b
Ukrainian Foreign Ministry,1,a3431294-2429-484e-a7f9-c7fdef48659b
Europe,1,a3431294-2429-484e-a7f9-c7fdef48659b
Ukrainian Armed Forces,1,a3431294-2429-484e-a7f9-c7fdef48659b
Kremlin,1,a3431294-2429-484e-a7f9-c7fdef48659b
Dmitry Peskov,1,a3431294-2429-484e-a7f9-c7fdef48659b
Eu,1,a3431294-2429-484e-a7f9-c7fdef48659b
Daily,1,a3431294-2429-484e-a7f9-c7fdef48659b
Maria Zakharova,4,f8d7249d-ccbb-4efd-b137-b1e056826dc7
Warsaw,6,f8d7249d-ccbb-4efd-b137-b1e056826dc7
Russian,3,f8d7249d-ccbb-4efd-b137-b1e056826dc7
Polish,1,f8d7249d-ccbb-4efd-b137-b1e056826dc7
Maria Zakharova'S,1,f8d7249d-ccbb-4efd-b137-b1e056826dc7
Tass,1,f8d7249d-ccbb-4efd-b137-b1e056826dc7
Anti-Russian,1,f8d7249d-ccbb-4efd-b137-b1e056826dc7
First,2,aa309d70-3c44-43ed-97c7-b9c99e538e9f
Kremlin,3,a43a9f22-16c6-49c0-a99b-9a920dbafc6a
Russian,13,a43a9f22-16c6-49c0-a99b-9a920dbafc6a
Poland,13,a43a9f22-16c6-49c0-a99b-9a920dbafc6a
Ministry Of Defense,5,a43a9f22-16c6-49c0-a99b-9a920dbafc6a
Russian Federation,6,a43a9f22-16c6-49c0-a99b-9a920dbafc6a
"Wednesday, September 10",2,a43a9f22-16c6-49c0-a99b-9a920dbafc6a
Dmitry Peskov,1,a43a9f22-16c6-49c0-a99b-9a920dbafc6a
Second Half,1,a43a9f22-16c6-49c0-a99b-9a920dbafc6a
Telegram,1,a43a9f22-16c6-49c0-a99b-9a920dbafc6a
Night,2,a43a9f22-16c6-49c0-a99b-9a920dbafc6a
Ukraine,3,a43a9f22-16c6-49c0-a99b-9a920dbafc6a
700 Km,1,a43a9f22-16c6-49c0-a99b-9a920dbafc6a
Polish Ministry Of Defense,1,a43a9f22-16c6-49c0-a99b-9a920dbafc6a
Andrei Ordaš,2,a43a9f22-16c6-49c0-a99b-9a920dbafc6a
"Ria ""Новости""",1,a43a9f22-16c6-49c0-a99b-9a920dbafc6a
Belarus,3,a43a9f22-16c6-49c0-a99b-9a920dbafc6a
Polish,6,a43a9f22-16c6-49c0-a99b-9a920dbafc6a
Donald Tusk,4,a43a9f22-16c6-49c0-a99b-9a920dbafc6a
19,1,a43a9f22-16c6-49c0-a99b-9a920dbafc6a
Night Of 10 September,1,a43a9f22-16c6-49c0-a99b-9a920dbafc6a
Ministry Of Internal Affairs,1,a43a9f22-16c6-49c0-a99b-9a920dbafc6a
Unmanned,1,a43a9f22-16c6-49c0-a99b-9a920dbafc6a
One,1,a43a9f22-16c6-49c0-a99b-9a920dbafc6a
Nato,2,a43a9f22-16c6-49c0-a99b-9a920dbafc6a
Article 4 Of The North Atlantic Treaty,1,a43a9f22-16c6-49c0-a99b-9a920dbafc6a
Russian Federation'S,1,a43a9f22-16c6-49c0-a99b-9a920dbafc6a
First,1,a43a9f22-16c6-49c0-a99b-9a920dbafc6a
Polish,7,3edf0ad4-2fb2-45b2-9326-daf0754874e5
Rzeczpospolita,5,3edf0ad4-2fb2-45b2-9326-daf0754874e5
Вырыки-Воля,1,3edf0ad4-2fb2-45b2-9326-daf0754874e5
Poland,1,3edf0ad4-2fb2-45b2-9326-daf0754874e5
Russian,6,3edf0ad4-2fb2-45b2-9326-daf0754874e5
F-16 Fighter,2,3edf0ad4-2fb2-45b2-9326-daf0754874e5
"Tuesday, September 16",1,3edf0ad4-2fb2-45b2-9326-daf0754874e5
Lublin Voivodeship,11,3edf0ad4-2fb2-45b2-9326-daf0754874e5
Agneska Kampka,1,3edf0ad4-2fb2-45b2-9326-daf0754874e5
Aim-120 Amraam,2,3edf0ad4-2fb2-45b2-9326-daf0754874e5
More Than 150 Kilograms,2,3edf0ad4-2fb2-45b2-9326-daf0754874e5
A Few Seconds,1,3edf0ad4-2fb2-45b2-9326-daf0754874e5
Lublin Voivodeship'S,1,3edf0ad4-2fb2-45b2-9326-daf0754874e5
Night Of 10 September,1,3edf0ad4-2fb2-45b2-9326-daf0754874e5
Belarus,2,3edf0ad4-2fb2-45b2-9326-daf0754874e5
Nato,4,3edf0ad4-2fb2-45b2-9326-daf0754874e5
Вырыки,1,3edf0ad4-2fb2-45b2-9326-daf0754874e5
Ukraine,1,3edf0ad4-2fb2-45b2-9326-daf0754874e5
Warsaw,1,3edf0ad4-2fb2-45b2-9326-daf0754874e5
Russia,1,3edf0ad4-2fb2-45b2-9326-daf0754874e5
Article 4 Of The North Atlantic Treaty,1,3edf0ad4-2fb2-45b2-9326-daf0754874e5
Mark Rutte,1,3edf0ad4-2fb2-45b2-9326-daf0754874e5
Allied,1,3edf0ad4-2fb2-45b2-9326-daf0754874e5
Denmark,1,3edf0ad4-2fb2-45b2-9326-daf0754874e5
France,1,3edf0ad4-2fb2-45b2-9326-daf0754874e5
Uk,1,3edf0ad4-2fb2-45b2-9326-daf0754874e5
Germany,1,3edf0ad4-2fb2-45b2-9326-daf0754874e5
Us,13,077c91a1-7feb-4610-9784-ce5fe42ad2f6
Donald Trump,11,077c91a1-7feb-4610-9784-ce5fe42ad2f6
Fox News,1,077c91a1-7feb-4610-9784-ce5fe42ad2f6
Russia,4,077c91a1-7feb-4610-9784-ce5fe42ad2f6
Vladimir Putin,1,077c91a1-7feb-4610-9784-ce5fe42ad2f6
Russian,1,077c91a1-7feb-4610-9784-ce5fe42ad2f6
Seven,1,077c91a1-7feb-4610-9784-ce5fe42ad2f6
Ukraine,1,077c91a1-7feb-4610-9784-ce5fe42ad2f6
Poland,5,077c91a1-7feb-4610-9784-ce5fe42ad2f6
Polish,2,077c91a1-7feb-4610-9784-ce5fe42ad2f6
Nato,3,077c91a1-7feb-4610-9784-ce5fe42ad2f6
Mark Rutte,1,077c91a1-7feb-4610-9784-ce5fe42ad2f6
Netherlands,1,077c91a1-7feb-4610-9784-ce5fe42ad2f6
Italy,1,077c91a1-7feb-4610-9784-ce5fe42ad2f6
Germany,1,077c91a1-7feb-4610-9784-ce5fe42ad2f6
Reuters,1,077c91a1-7feb-4610-9784-ce5fe42ad2f6
Poland,3,8e90d5e7-5a6f-4218-926b-167ad5ac3c9e
Kiev,5,8e90d5e7-5a6f-4218-926b-167ad5ac3c9e
Ukrainian,2,8e90d5e7-5a6f-4218-926b-167ad5ac3c9e
Russian,3,8e90d5e7-5a6f-4218-926b-167ad5ac3c9e
Polish,2,8e90d5e7-5a6f-4218-926b-167ad5ac3c9e
Nato,3,8e90d5e7-5a6f-4218-926b-167ad5ac3c9e
Russian Defense Ministry,2,8e90d5e7-5a6f-4218-926b-167ad5ac3c9e
Russia,4,8e90d5e7-5a6f-4218-926b-167ad5ac3c9e
700 Km,1,8e90d5e7-5a6f-4218-926b-167ad5ac3c9e
Telegram,1,8e90d5e7-5a6f-4218-926b-167ad5ac3c9e
Insider-T,1,8e90d5e7-5a6f-4218-926b-167ad5ac3c9e
Bpl,1,8e90d5e7-5a6f-4218-926b-167ad5ac3c9e
Warsaw,1,8e90d5e7-5a6f-4218-926b-167ad5ac3c9e
Zelensky,1,8e90d5e7-5a6f-4218-926b-167ad5ac3c9e
Pridnestrovy,1,8e90d5e7-5a6f-4218-926b-167ad5ac3c9e
Moldova,1,8e90d5e7-5a6f-4218-926b-167ad5ac3c9e
Armiya.Az,1,89dfee84-680a-4353-b652-74b67c54f528
Rbc,1,89dfee84-680a-4353-b652-74b67c54f528
Polish Television,1,89dfee84-680a-4353-b652-74b67c54f528
Tvp,1,89dfee84-680a-4353-b652-74b67c54f528
Poland,2,89dfee84-680a-4353-b652-74b67c54f528
Ukraine,1,89dfee84-680a-4353-b652-74b67c54f528
Belarus,1,89dfee84-680a-4353-b652-74b67c54f528
Polish Foreign Ministry,1,89dfee84-680a-4353-b652-74b67c54f528
Russian Federation,1,89dfee84-680a-4353-b652-74b67c54f528
Ukrainian,1,89dfee84-680a-4353-b652-74b67c54f528
Andrei Sibygy,1,89dfee84-680a-4353-b652-74b67c54f528
Armiya.Az,1,5bf9e6e2-aa6f-4425-8a8b-ece9ebb3aa53
Bloomberg,1,5bf9e6e2-aa6f-4425-8a8b-ece9ebb3aa53
Poland,7,5bf9e6e2-aa6f-4425-8a8b-ece9ebb3aa53
Russian,1,5bf9e6e2-aa6f-4425-8a8b-ece9ebb3aa53
Sky Saber,1,5bf9e6e2-aa6f-4425-8a8b-ece9ebb3aa53
Uk,1,5bf9e6e2-aa6f-4425-8a8b-ece9ebb3aa53
Polish Armed Forces,1,5bf9e6e2-aa6f-4425-8a8b-ece9ebb3aa53
Polish,2,5bf9e6e2-aa6f-4425-8a8b-ece9ebb3aa53
Group Zbrojeniowa Sa,2,5bf9e6e2-aa6f-4425-8a8b-ece9ebb3aa53
More Than 1000,2,5bf9e6e2-aa6f-4425-8a8b-ece9ebb3aa53
Camm-Er,2,5bf9e6e2-aa6f-4425-8a8b-ece9ebb3aa53
138,2,5bf9e6e2-aa6f-4425-8a8b-ece9ebb3aa53
Armiya.Az,1,60a4b62e-352f-45b7-a785-dd6a6bb27701
Sky News,1,60a4b62e-352f-45b7-a785-dd6a6bb27701
Sikorski,5,60a4b62e-352f-45b7-a785-dd6a6bb27701
Nato,5,60a4b62e-352f-45b7-a785-dd6a6bb27701
European Union,1,60a4b62e-352f-45b7-a785-dd6a6bb27701
Polish,6,60a4b62e-352f-45b7-a785-dd6a6bb27701
Donald Tusk,2,60a4b62e-352f-45b7-a785-dd6a6bb27701
Russian Defense Ministry,3,60a4b62e-352f-45b7-a785-dd6a6bb27701
Poland,1,60a4b62e-352f-45b7-a785-dd6a6bb27701
Night Of 10 September,1,60a4b62e-352f-45b7-a785-dd6a6bb27701
Russian Defense Ministry'S,2,60a4b62e-352f-45b7-a785-dd6a6bb27701
Ukraine,1,60a4b62e-352f-45b7-a785-dd6a6bb27701
Dozens,2,60a4b62e-352f-45b7-a785-dd6a6bb27701
Vladislav Kosinyak-Kмыш,2,60a4b62e-352f-45b7-a785-dd6a6bb27701
London,2,60a4b62e-352f-45b7-a785-dd6a6bb27701
Warsaw,1,60a4b62e-352f-45b7-a785-dd6a6bb27701
Mark Rutte,1,60a4b62e-352f-45b7-a785-dd6a6bb27701
Today,1,60a4b62e-352f-45b7-a785-dd6a6bb27701
4 Nato Charter,1,60a4b62e-352f-45b7-a785-dd6a6bb27701
Lublin,4,551bf81f-f7b0-4dec-a183-82521ec54779
Poland,4,551bf81f-f7b0-4dec-a183-82521ec54779
Polsat News,1,551bf81f-f7b0-4dec-a183-82521ec54779
Bpla,1,551bf81f-f7b0-4dec-a183-82521ec54779
Russian,1,551bf81f-f7b0-4dec-a183-82521ec54779
Vyryki-Volya,1,551bf81f-f7b0-4dec-a183-82521ec54779
Vlodavský Povyte,1,551bf81f-f7b0-4dec-a183-82521ec54779
Rayon,1,551bf81f-f7b0-4dec-a183-82521ec54779
Unmanned,1,551bf81f-f7b0-4dec-a183-82521ec54779
Mariusz Zankovo,2,551bf81f-f7b0-4dec-a183-82521ec54779
10 September,1,0a4dfde7-0cd6-4f70-9bda-e9399507e74b
19Th,1,0a4dfde7-0cd6-4f70-9bda-e9399507e74b
U.N.,1,0a4dfde7-0cd6-4f70-9bda-e9399507e74b
Poland,17,0a4dfde7-0cd6-4f70-9bda-e9399507e74b
Nato,25,0a4dfde7-0cd6-4f70-9bda-e9399507e74b
Moscow,6,0a4dfde7-0cd6-4f70-9bda-e9399507e74b
Bpl,1,0a4dfde7-0cd6-4f70-9bda-e9399507e74b
Russian,5,0a4dfde7-0cd6-4f70-9bda-e9399507e74b
Polish,6,0a4dfde7-0cd6-4f70-9bda-e9399507e74b
Donald Tusk,3,0a4dfde7-0cd6-4f70-9bda-e9399507e74b
Bplas,2,0a4dfde7-0cd6-4f70-9bda-e9399507e74b
Four,1,0a4dfde7-0cd6-4f70-9bda-e9399507e74b
Netherlands,2,0a4dfde7-0cd6-4f70-9bda-e9399507e74b
Italy,2,0a4dfde7-0cd6-4f70-9bda-e9399507e74b
Germany,2,0a4dfde7-0cd6-4f70-9bda-e9399507e74b
F-16,2,0a4dfde7-0cd6-4f70-9bda-e9399507e74b
F-35 Fighter,1,0a4dfde7-0cd6-4f70-9bda-e9399507e74b
F-35,2,0a4dfde7-0cd6-4f70-9bda-e9399507e74b
Three,1,0a4dfde7-0cd6-4f70-9bda-e9399507e74b
One,4,0a4dfde7-0cd6-4f70-9bda-e9399507e74b
Mark Rutte,2,0a4dfde7-0cd6-4f70-9bda-e9399507e74b
Every Centimeter,1,0a4dfde7-0cd6-4f70-9bda-e9399507e74b
Western,1,0a4dfde7-0cd6-4f70-9bda-e9399507e74b
German,3,0a4dfde7-0cd6-4f70-9bda-e9399507e74b
Bild,3,0a4dfde7-0cd6-4f70-9bda-e9399507e74b
Several Thousand Euros,1,0a4dfde7-0cd6-4f70-9bda-e9399507e74b
A Aim-9,1,0a4dfde7-0cd6-4f70-9bda-e9399507e74b
€400 Thousand,1,0a4dfde7-0cd6-4f70-9bda-e9399507e74b
Bpls,1,0a4dfde7-0cd6-4f70-9bda-e9399507e74b
American Atlantic,3,0a4dfde7-0cd6-4f70-9bda-e9399507e74b
19,2,0a4dfde7-0cd6-4f70-9bda-e9399507e74b
Only Three,1,0a4dfde7-0cd6-4f70-9bda-e9399507e74b
Tens,1,0a4dfde7-0cd6-4f70-9bda-e9399507e74b
Hundreds,1,0a4dfde7-0cd6-4f70-9bda-e9399507e74b
Bloomberg,1,0a4dfde7-0cd6-4f70-9bda-e9399507e74b
11 September,2,0a4dfde7-0cd6-4f70-9bda-e9399507e74b
Uk,1,0a4dfde7-0cd6-4f70-9bda-e9399507e74b
France,1,0a4dfde7-0cd6-4f70-9bda-e9399507e74b
Warsaw,2,0a4dfde7-0cd6-4f70-9bda-e9399507e74b
European,1,0a4dfde7-0cd6-4f70-9bda-e9399507e74b
Berlin,1,0a4dfde7-0cd6-4f70-9bda-e9399507e74b
First,1,0a4dfde7-0cd6-4f70-9bda-e9399507e74b
Ukrainian,1,0a4dfde7-0cd6-4f70-9bda-e9399507e74b
Alliance,1,0a4dfde7-0cd6-4f70-9bda-e9399507e74b
Russia,1,0a4dfde7-0cd6-4f70-9bda-e9399507e74b
Fourth,1,0a4dfde7-0cd6-4f70-9bda-e9399507e74b
Nato Charter,1,0a4dfde7-0cd6-4f70-9bda-e9399507e74b
Fifth,1,0a4dfde7-0cd6-4f70-9bda-e9399507e74b
Europe,2,0a4dfde7-0cd6-4f70-9bda-e9399507e74b
United States,2,0a4dfde7-0cd6-4f70-9bda-e9399507e74b
Us,1,0a4dfde7-0cd6-4f70-9bda-e9399507e74b
Donald Trump,1,0a4dfde7-0cd6-4f70-9bda-e9399507e74b
Russian Foreign Ministry,4,0a4dfde7-0cd6-4f70-9bda-e9399507e74b
Maria Zakharova,4,0a4dfde7-0cd6-4f70-9bda-e9399507e74b
Board Of Directors,1,0a4dfde7-0cd6-4f70-9bda-e9399507e74b
Russian,1,9f72772f-fe3b-4c31-b56f-dbe5487c1a79
Poland,6,9f72772f-fe3b-4c31-b56f-dbe5487c1a79
Andrei Ordaş,1,9f72772f-fe3b-4c31-b56f-dbe5487c1a79
Polish Foreign Ministry,1,9f72772f-fe3b-4c31-b56f-dbe5487c1a79
Nightly,2,9f72772f-fe3b-4c31-b56f-dbe5487c1a79
Polish,2,9f72772f-fe3b-4c31-b56f-dbe5487c1a79
Wednesday,1,9f72772f-fe3b-4c31-b56f-dbe5487c1a79
Night,1,9f72772f-fe3b-4c31-b56f-dbe5487c1a79
Operative Command,1,9f72772f-fe3b-4c31-b56f-dbe5487c1a79
Polish Armed Forces,1,9f72772f-fe3b-4c31-b56f-dbe5487c1a79
Nato,2,9f72772f-fe3b-4c31-b56f-dbe5487c1a79
Polsat News,1,9f72772f-fe3b-4c31-b56f-dbe5487c1a79
One,1,9f72772f-fe3b-4c31-b56f-dbe5487c1a79
Lublin,1,9f72772f-fe3b-4c31-b56f-dbe5487c1a79
Donald Tusk,3,9f72772f-fe3b-4c31-b56f-dbe5487c1a79
Russia,1,9f72772f-fe3b-4c31-b56f-dbe5487c1a79
Mark Rutte,1,9f72772f-fe3b-4c31-b56f-dbe5487c1a79
First,1,9f72772f-fe3b-4c31-b56f-dbe5487c1a79
"""City Of The People",1,9f72772f-fe3b-4c31-b56f-dbe5487c1a79
Poland,7,771a5c13-76bb-4e50-9e57-7186f33923b8
Warsaw,2,771a5c13-76bb-4e50-9e57-7186f33923b8
Ukraine,3,771a5c13-76bb-4e50-9e57-7186f33923b8
Belarus,4,771a5c13-76bb-4e50-9e57-7186f33923b8
Риа Новости Unnamed,2,771a5c13-76bb-4e50-9e57-7186f33923b8
Ukrainian,1,771a5c13-76bb-4e50-9e57-7186f33923b8
15 September,1,771a5c13-76bb-4e50-9e57-7186f33923b8
Donald Tusk,2,771a5c13-76bb-4e50-9e57-7186f33923b8
Belvedere Palace,1,771a5c13-76bb-4e50-9e57-7186f33923b8
Two,1,771a5c13-76bb-4e50-9e57-7186f33923b8
Night Of 10 September,1,771a5c13-76bb-4e50-9e57-7186f33923b8
19,2,771a5c13-76bb-4e50-9e57-7186f33923b8
Polish,1,771a5c13-76bb-4e50-9e57-7186f33923b8
Russian,1,771a5c13-76bb-4e50-9e57-7186f33923b8
13 September,1,771a5c13-76bb-4e50-9e57-7186f33923b8
Nato,2,771a5c13-76bb-4e50-9e57-7186f33923b8
Operation Eastern Guard,1,771a5c13-76bb-4e50-9e57-7186f33923b8
Poland,21,095a0891-ad9a-4538-81c3-e259780a0b80
About Two Dozen,2,095a0891-ad9a-4538-81c3-e259780a0b80
Last Night,2,095a0891-ad9a-4538-81c3-e259780a0b80
Donald Tusk,4,095a0891-ad9a-4538-81c3-e259780a0b80
Russian,19,095a0891-ad9a-4538-81c3-e259780a0b80
Nato,12,095a0891-ad9a-4538-81c3-e259780a0b80
Dmitry Peskov,3,095a0891-ad9a-4538-81c3-e259780a0b80
Eu,1,095a0891-ad9a-4538-81c3-e259780a0b80
Every Day,2,095a0891-ad9a-4538-81c3-e259780a0b80
Russia,10,095a0891-ad9a-4538-81c3-e259780a0b80
Operational Command,1,095a0891-ad9a-4538-81c3-e259780a0b80
Polish Armed Forces,1,095a0891-ad9a-4538-81c3-e259780a0b80
Polish,21,095a0891-ad9a-4538-81c3-e259780a0b80
Žěšuv,1,095a0891-ad9a-4538-81c3-e259780a0b80
Lublin,1,095a0891-ad9a-4538-81c3-e259780a0b80
Modlin,1,095a0891-ad9a-4538-81c3-e259780a0b80
Marco Rütte,1,095a0891-ad9a-4538-81c3-e259780a0b80
At Least 19,1,095a0891-ad9a-4538-81c3-e259780a0b80
Belarus,3,095a0891-ad9a-4538-81c3-e259780a0b80
Reuters,3,095a0891-ad9a-4538-81c3-e259780a0b80
F-16 Fighter,1,095a0891-ad9a-4538-81c3-e259780a0b80
Dutch,1,095a0891-ad9a-4538-81c3-e259780a0b80
F-35,1,095a0891-ad9a-4538-81c3-e259780a0b80
Italian,1,095a0891-ad9a-4538-81c3-e259780a0b80
Awacs,1,095a0891-ad9a-4538-81c3-e259780a0b80
Polsat News,1,095a0891-ad9a-4538-81c3-e259780a0b80
One,6,095a0891-ad9a-4538-81c3-e259780a0b80
Vyryki,2,095a0891-ad9a-4538-81c3-e259780a0b80
Lublinsk Voevodstvo,2,095a0891-ad9a-4538-81c3-e259780a0b80
Čosnuvka,1,095a0891-ad9a-4538-81c3-e259780a0b80
Lublinsk War Department,1,095a0891-ad9a-4538-81c3-e259780a0b80
Mniškov,1,095a0891-ad9a-4538-81c3-e259780a0b80
Łódzinsk War Department,1,095a0891-ad9a-4538-81c3-e259780a0b80
Ministry Of Internal Affairs,1,095a0891-ad9a-4538-81c3-e259780a0b80
Seven,1,095a0891-ad9a-4538-81c3-e259780a0b80
Us,5,095a0891-ad9a-4538-81c3-e259780a0b80
Donald Trump,5,095a0891-ad9a-4538-81c3-e259780a0b80
Truth Social,1,095a0891-ad9a-4538-81c3-e259780a0b80
Kanal Postnews,1,095a0891-ad9a-4538-81c3-e259780a0b80
Karol Navrotsky,3,095a0891-ad9a-4538-81c3-e259780a0b80
Article 4 Of The Treaty On Nato Article,1,095a0891-ad9a-4538-81c3-e259780a0b80
Next Two Days,1,095a0891-ad9a-4538-81c3-e259780a0b80
National Security Council Of Poland,1,095a0891-ad9a-4538-81c3-e259780a0b80
French,2,095a0891-ad9a-4538-81c3-e259780a0b80
Emmanuel Macron,2,095a0891-ad9a-4538-81c3-e259780a0b80
Lithuanian Foreign Ministry,1,095a0891-ad9a-4538-81c3-e259780a0b80
Ukraine,5,095a0891-ad9a-4538-81c3-e259780a0b80
Vladimir Zelensky,2,095a0891-ad9a-4538-81c3-e259780a0b80
Warsaw,1,095a0891-ad9a-4538-81c3-e259780a0b80
Tuesday Evening,1,095a0891-ad9a-4538-81c3-e259780a0b80
Hungarian,1,095a0891-ad9a-4538-81c3-e259780a0b80
Viktor Orban,1,095a0891-ad9a-4538-81c3-e259780a0b80
Mark Rutte,1,095a0891-ad9a-4538-81c3-e259780a0b80
Slovakia,2,095a0891-ad9a-4538-81c3-e259780a0b80
Robert Fico,2,095a0891-ad9a-4538-81c3-e259780a0b80
Radosław Sikorski,1,095a0891-ad9a-4538-81c3-e259780a0b80
European Union,2,095a0891-ad9a-4538-81c3-e259780a0b80
U.S.,1,095a0891-ad9a-4538-81c3-e259780a0b80
Matthew Whitaker,1,095a0891-ad9a-4538-81c3-e259780a0b80
Washington,1,095a0891-ad9a-4538-81c3-e259780a0b80
Every Inch,1,095a0891-ad9a-4538-81c3-e259780a0b80
White House,1,095a0891-ad9a-4538-81c3-e259780a0b80
Belarusian,2,095a0891-ad9a-4538-81c3-e259780a0b80
Pavel Muraveiko,2,095a0891-ad9a-4538-81c3-e259780a0b80
Night,1,095a0891-ad9a-4538-81c3-e259780a0b80
Belarusian Air Force,2,095a0891-ad9a-4538-81c3-e259780a0b80
Minsk,1,095a0891-ad9a-4538-81c3-e259780a0b80
Polish Foreign Ministry,3,095a0891-ad9a-4538-81c3-e259780a0b80
Andrei Ordaš,4,095a0891-ad9a-4538-81c3-e259780a0b80
Turkish,1,095a0891-ad9a-4538-81c3-e259780a0b80
Russian Defense Ministry,4,095a0891-ad9a-4538-81c3-e259780a0b80
700 Km,1,095a0891-ad9a-4538-81c3-e259780a0b80
Russian Defense Ministry'S,1,095a0891-ad9a-4538-81c3-e259780a0b80
Ministry Of Defence,1,095a0891-ad9a-4538-81c3-e259780a0b80
Russian Foreign Ministry,1,095a0891-ad9a-4538-81c3-e259780a0b80
Ministry Of Foreign Affairs,1,095a0891-ad9a-4538-81c3-e259780a0b80
Erdi Kagaltyov,1,095a0891-ad9a-4538-81c3-e259780a0b80
Ministry Of Defense Of Russia,4,04f80814-ce1a-43fa-acf0-c2ad88842a82
Poland,33,04f80814-ce1a-43fa-acf0-c2ad88842a82
Night,1,04f80814-ce1a-43fa-acf0-c2ad88842a82
9 To 10 September,1,04f80814-ce1a-43fa-acf0-c2ad88842a82
Russian,5,04f80814-ce1a-43fa-acf0-c2ad88842a82
Ukrainian,4,04f80814-ce1a-43fa-acf0-c2ad88842a82
700 Km,1,04f80814-ce1a-43fa-acf0-c2ad88842a82
Polish,9,04f80814-ce1a-43fa-acf0-c2ad88842a82
Ministry Of Defense,1,04f80814-ce1a-43fa-acf0-c2ad88842a82
Belarusian,2,04f80814-ce1a-43fa-acf0-c2ad88842a82
General Staff,1,04f80814-ce1a-43fa-acf0-c2ad88842a82
Vpk,1,04f80814-ce1a-43fa-acf0-c2ad88842a82
Russia,7,04f80814-ce1a-43fa-acf0-c2ad88842a82
Ukraine,3,04f80814-ce1a-43fa-acf0-c2ad88842a82
Donald Tusk,3,04f80814-ce1a-43fa-acf0-c2ad88842a82
Karol Navrotsky,6,04f80814-ce1a-43fa-acf0-c2ad88842a82
Seventh,1,04f80814-ce1a-43fa-acf0-c2ad88842a82
National Security Bureau,2,04f80814-ce1a-43fa-acf0-c2ad88842a82
Belarusian General Staff,1,04f80814-ce1a-43fa-acf0-c2ad88842a82
Article 4 Of The Nato Charter,3,04f80814-ce1a-43fa-acf0-c2ad88842a82
North Atlantic Alliance,3,04f80814-ce1a-43fa-acf0-c2ad88842a82
Poles,1,04f80814-ce1a-43fa-acf0-c2ad88842a82
Two Days,2,04f80814-ce1a-43fa-acf0-c2ad88842a82
National Security Council Of Poland,1,04f80814-ce1a-43fa-acf0-c2ad88842a82
Nato,7,04f80814-ce1a-43fa-acf0-c2ad88842a82
Mark Rutte,1,04f80814-ce1a-43fa-acf0-c2ad88842a82
Reuters,1,04f80814-ce1a-43fa-acf0-c2ad88842a82
Foreign Ministry,3,04f80814-ce1a-43fa-acf0-c2ad88842a82
Andrey Ordaş,4,04f80814-ce1a-43fa-acf0-c2ad88842a82
Риа Новости,1,04f80814-ce1a-43fa-acf0-c2ad88842a82
Bplas,1,04f80814-ce1a-43fa-acf0-c2ad88842a82
Pvo,1,04f80814-ce1a-43fa-acf0-c2ad88842a82
November 2022-Go,1,04f80814-ce1a-43fa-acf0-c2ad88842a82
Pchevodov,1,04f80814-ce1a-43fa-acf0-c2ad88842a82
Russian Council On International Affairs,4,04f80814-ce1a-43fa-acf0-c2ad88842a82
Alexei Naumowov,3,04f80814-ce1a-43fa-acf0-c2ad88842a82
Article 5,2,04f80814-ce1a-43fa-acf0-c2ad88842a82
First,2,04f80814-ce1a-43fa-acf0-c2ad88842a82
Donald Trump,1,04f80814-ce1a-43fa-acf0-c2ad88842a82
Last Night,1,04f80814-ce1a-43fa-acf0-c2ad88842a82
Eurokommission,1,04f80814-ce1a-43fa-acf0-c2ad88842a82
Ursula Von Der Lyajen,1,04f80814-ce1a-43fa-acf0-c2ad88842a82
French,1,04f80814-ce1a-43fa-acf0-c2ad88842a82
Emmanuel Macron,1,04f80814-ce1a-43fa-acf0-c2ad88842a82
Russian Revolution,1,04f80814-ce1a-43fa-acf0-c2ad88842a82
German,1,04f80814-ce1a-43fa-acf0-c2ad88842a82
European,1,04f80814-ce1a-43fa-acf0-c2ad88842a82
Kaya Kalla,1,04f80814-ce1a-43fa-acf0-c2ad88842a82
Cnn,1,04f80814-ce1a-43fa-acf0-c2ad88842a82
Us,1,04f80814-ce1a-43fa-acf0-c2ad88842a82
State,1,04f80814-ce1a-43fa-acf0-c2ad88842a82
Marco Rubio,1,04f80814-ce1a-43fa-acf0-c2ad88842a82
State Department,1,04f80814-ce1a-43fa-acf0-c2ad88842a82
Alexander Tewдой-Burmuli,1,04f80814-ce1a-43fa-acf0-c2ad88842a82
Nato Charter'S,1,04f80814-ce1a-43fa-acf0-c2ad88842a82
15 Km,1,04f80814-ce1a-43fa-acf0-c2ad88842a82
Nikita Putyatina,1,04f80814-ce1a-43fa-acf0-c2ad88842a82
Alexandra Majdanska,1,04f80814-ce1a-43fa-acf0-c2ad88842a82
Polish,4,24a4b0f9-8d1a-4991-99c3-f63624cd4e54
Radoслав Sikorskiy,1,24a4b0f9-8d1a-4991-99c3-f63624cd4e54
Nato,5,24a4b0f9-8d1a-4991-99c3-f63624cd4e54
European Union,1,24a4b0f9-8d1a-4991-99c3-f63624cd4e54
Night Of 10 September,1,24a4b0f9-8d1a-4991-99c3-f63624cd4e54
Operative Command,1,24a4b0f9-8d1a-4991-99c3-f63624cd4e54
Polish Armed Forces,1,24a4b0f9-8d1a-4991-99c3-f63624cd4e54
One,2,24a4b0f9-8d1a-4991-99c3-f63624cd4e54
Russian,1,24a4b0f9-8d1a-4991-99c3-f63624cd4e54
At Least 19,1,24a4b0f9-8d1a-4991-99c3-f63624cd4e54
Donald Tusk,1,24a4b0f9-8d1a-4991-99c3-f63624cd4e54
Ministry Of Foreign Affairs,1,24a4b0f9-8d1a-4991-99c3-f63624cd4e54
Russian Federation,1,24a4b0f9-8d1a-4991-99c3-f63624cd4e54
Andrei Ordaš,1,24a4b0f9-8d1a-4991-99c3-f63624cd4e54
Ukraine,1,24a4b0f9-8d1a-4991-99c3-f63624cd4e54
Article 4,1,24a4b0f9-8d1a-4991-99c3-f63624cd4e54
Mark Rutte,1,24a4b0f9-8d1a-4991-99c3-f63624cd4e54
Luisine,1,24a4b0f9-8d1a-4991-99c3-f63624cd4e54
Nato,12,52703d46-29ad-4080-a218-db4115403351
Poland,5,52703d46-29ad-4080-a218-db4115403351
Bloomberg,3,52703d46-29ad-4080-a218-db4115403351
Allies,2,52703d46-29ad-4080-a218-db4115403351
Yesterday,1,52703d46-29ad-4080-a218-db4115403351
Mark Rutte,2,52703d46-29ad-4080-a218-db4115403351
Russia,1,52703d46-29ad-4080-a218-db4115403351
Europe,2,52703d46-29ad-4080-a218-db4115403351
Aleksus Grinkiević,2,52703d46-29ad-4080-a218-db4115403351
Polish,3,52703d46-29ad-4080-a218-db4115403351
European Union,1,52703d46-29ad-4080-a218-db4115403351
Warsaw,2,52703d46-29ad-4080-a218-db4115403351
Article 4,1,52703d46-29ad-4080-a218-db4115403351
One,1,52703d46-29ad-4080-a218-db4115403351
Britain,1,52703d46-29ad-4080-a218-db4115403351
France,1,52703d46-29ad-4080-a218-db4115403351
Eurofighter,1,52703d46-29ad-4080-a218-db4115403351
Rafale,1,52703d46-29ad-4080-a218-db4115403351
Czech Republic,1,52703d46-29ad-4080-a218-db4115403351
Three,2,52703d46-29ad-4080-a218-db4115403351
Mi-17,1,52703d46-29ad-4080-a218-db4115403351
Sweden,1,52703d46-29ad-4080-a218-db4115403351
Luisine,1,52703d46-29ad-4080-a218-db4115403351
Polish,10,13d2dfc3-ea14-42b8-a92c-397f49e267fb
Russian,14,13d2dfc3-ea14-42b8-a92c-397f49e267fb
Poland,13,13d2dfc3-ea14-42b8-a92c-397f49e267fb
European,2,13d2dfc3-ea14-42b8-a92c-397f49e267fb
American,1,13d2dfc3-ea14-42b8-a92c-397f49e267fb
Nato,15,13d2dfc3-ea14-42b8-a92c-397f49e267fb
Wall Street Journal,1,13d2dfc3-ea14-42b8-a92c-397f49e267fb
New York,1,13d2dfc3-ea14-42b8-a92c-397f49e267fb
Usa,1,13d2dfc3-ea14-42b8-a92c-397f49e267fb
Moscow,9,13d2dfc3-ea14-42b8-a92c-397f49e267fb
Recent Months,1,13d2dfc3-ea14-42b8-a92c-397f49e267fb
July,1,13d2dfc3-ea14-42b8-a92c-397f49e267fb
Ukraine,3,13d2dfc3-ea14-42b8-a92c-397f49e267fb
Warsaw,1,13d2dfc3-ea14-42b8-a92c-397f49e267fb
Kiev,1,13d2dfc3-ea14-42b8-a92c-397f49e267fb
This Week,1,13d2dfc3-ea14-42b8-a92c-397f49e267fb
First,4,13d2dfc3-ea14-42b8-a92c-397f49e267fb
French,1,13d2dfc3-ea14-42b8-a92c-397f49e267fb
Netherlands,1,13d2dfc3-ea14-42b8-a92c-397f49e267fb
Europe,3,13d2dfc3-ea14-42b8-a92c-397f49e267fb
Trump,7,13d2dfc3-ea14-42b8-a92c-397f49e267fb
Wednesday Night,1,13d2dfc3-ea14-42b8-a92c-397f49e267fb
Cold War,1,13d2dfc3-ea14-42b8-a92c-397f49e267fb
Putin,2,13d2dfc3-ea14-42b8-a92c-397f49e267fb
One,1,13d2dfc3-ea14-42b8-a92c-397f49e267fb
Kremlin,1,13d2dfc3-ea14-42b8-a92c-397f49e267fb
Super Express,1,13d2dfc3-ea14-42b8-a92c-397f49e267fb
Allies,2,13d2dfc3-ea14-42b8-a92c-397f49e267fb
Czechs,2,13d2dfc3-ea14-42b8-a92c-397f49e267fb
France,1,13d2dfc3-ea14-42b8-a92c-397f49e267fb
Germany,3,13d2dfc3-ea14-42b8-a92c-397f49e267fb
Soviets,1,13d2dfc3-ea14-42b8-a92c-397f49e267fb
Guardian,1,13d2dfc3-ea14-42b8-a92c-397f49e267fb
London,1,13d2dfc3-ea14-42b8-a92c-397f49e267fb
Uk,1,13d2dfc3-ea14-42b8-a92c-397f49e267fb
Un Security Council,1,13d2dfc3-ea14-42b8-a92c-397f49e267fb
Jan Ryszczesny,1,13d2dfc3-ea14-42b8-a92c-397f49e267fb
Evgenij Hvoстик,1,13d2dfc3-ea14-42b8-a92c-397f49e267fb
Russia,10,3ae0172b-5f77-497e-ad0a-e56a4c62d876
Poland,15,3ae0172b-5f77-497e-ad0a-e56a4c62d876
Andrei Ordaš,6,3ae0172b-5f77-497e-ad0a-e56a4c62d876
Polish,3,3ae0172b-5f77-497e-ad0a-e56a4c62d876
Russian,3,3ae0172b-5f77-497e-ad0a-e56a4c62d876
Ria Novosti,1,3ae0172b-5f77-497e-ad0a-e56a4c62d876
Poles,1,3ae0172b-5f77-497e-ad0a-e56a4c62d876
Moscow,1,3ae0172b-5f77-497e-ad0a-e56a4c62d876
Anti-Russian,1,3ae0172b-5f77-497e-ad0a-e56a4c62d876
Wednesday,1,3ae0172b-5f77-497e-ad0a-e56a4c62d876
Night,1,3ae0172b-5f77-497e-ad0a-e56a4c62d876
Operative Command,1,3ae0172b-5f77-497e-ad0a-e56a4c62d876
Nato,2,3ae0172b-5f77-497e-ad0a-e56a4c62d876
Polsat News,1,3ae0172b-5f77-497e-ad0a-e56a4c62d876
One,1,3ae0172b-5f77-497e-ad0a-e56a4c62d876
Lublin,1,3ae0172b-5f77-497e-ad0a-e56a4c62d876
Donald Tusk,3,3ae0172b-5f77-497e-ad0a-e56a4c62d876
Mark Rutte,1,3ae0172b-5f77-497e-ad0a-e56a4c62d876
First,1,3ae0172b-5f77-497e-ad0a-e56a4c62d876
"""City Of The People",1,3ae0172b-5f77-497e-ad0a-e56a4c62d876
Ten,1,85ca8c66-0be4-440f-9c30-838743f16557
Polish,3,85ca8c66-0be4-440f-9c30-838743f16557
Last Night'S,5,85ca8c66-0be4-440f-9c30-838743f16557
Ministry Of Internal Affairs,1,85ca8c66-0be4-440f-9c30-838743f16557
Karolina Gaлецкая,1,85ca8c66-0be4-440f-9c30-838743f16557
15:00 Local Time,1,85ca8c66-0be4-440f-9c30-838743f16557
Čosnuvka,1,85ca8c66-0be4-440f-9c30-838743f16557
Česniki,1,85ca8c66-0be4-440f-9c30-838743f16557
Kshivovezba-Kolonya,1,85ca8c66-0be4-440f-9c30-838743f16557
Oleсно,1,85ca8c66-0be4-440f-9c30-838743f16557
Veльки-Lan,1,85ca8c66-0be4-440f-9c30-838743f16557
Vohinь,1,85ca8c66-0be4-440f-9c30-838743f16557
Łódź Wojewodnictwo,1,85ca8c66-0be4-440f-9c30-838743f16557
Poland,1,85ca8c66-0be4-440f-9c30-838743f16557
Donald Tusk,1,85ca8c66-0be4-440f-9c30-838743f16557
At Least 19,1,85ca8c66-0be4-440f-9c30-838743f16557
One,1,85ca8c66-0be4-440f-9c30-838743f16557
Russia,1,85ca8c66-0be4-440f-9c30-838743f16557
Russian Ministry Of Defense,1,85ca8c66-0be4-440f-9c30-838743f16557
Russian Ministry Of Defense'S,1,85ca8c66-0be4-440f-9c30-838743f16557
Luisine,1,85ca8c66-0be4-440f-9c30-838743f16557
Ukraine,11,a5a75621-e9b8-4bcd-aa8f-337bcdf2f5ba
Yesterday,1,a5a75621-e9b8-4bcd-aa8f-337bcdf2f5ba
Warsaw,5,a5a75621-e9b8-4bcd-aa8f-337bcdf2f5ba
Belarus,3,a5a75621-e9b8-4bcd-aa8f-337bcdf2f5ba
First,3,a5a75621-e9b8-4bcd-aa8f-337bcdf2f5ba
U.S.,1,a5a75621-e9b8-4bcd-aa8f-337bcdf2f5ba
Today,1,a5a75621-e9b8-4bcd-aa8f-337bcdf2f5ba
One,2,a5a75621-e9b8-4bcd-aa8f-337bcdf2f5ba
Gerber-Postichke,2,a5a75621-e9b8-4bcd-aa8f-337bcdf2f5ba
A Few Hundred Kilograms,1,a5a75621-e9b8-4bcd-aa8f-337bcdf2f5ba
Poles,4,a5a75621-e9b8-4bcd-aa8f-337bcdf2f5ba
Tusk,1,a5a75621-e9b8-4bcd-aa8f-337bcdf2f5ba
Poland,8,a5a75621-e9b8-4bcd-aa8f-337bcdf2f5ba
Russian,1,a5a75621-e9b8-4bcd-aa8f-337bcdf2f5ba
Nato,3,a5a75621-e9b8-4bcd-aa8f-337bcdf2f5ba
Tomorrow,1,a5a75621-e9b8-4bcd-aa8f-337bcdf2f5ba
Ministry Of Foreign Affairs Of Ukraine,1,a5a75621-e9b8-4bcd-aa8f-337bcdf2f5ba
Sibyg,1,a5a75621-e9b8-4bcd-aa8f-337bcdf2f5ba
Europe,2,a5a75621-e9b8-4bcd-aa8f-337bcdf2f5ba
Soviet Union,1,a5a75621-e9b8-4bcd-aa8f-337bcdf2f5ba
Minsk Allies,1,a5a75621-e9b8-4bcd-aa8f-337bcdf2f5ba
Polish,5,a5a75621-e9b8-4bcd-aa8f-337bcdf2f5ba
Ministry Of Defence Of Belarus,1,a5a75621-e9b8-4bcd-aa8f-337bcdf2f5ba
Russia,2,a5a75621-e9b8-4bcd-aa8f-337bcdf2f5ba
Air Force,1,a5a75621-e9b8-4bcd-aa8f-337bcdf2f5ba
23 Hours 9 September,1,a5a75621-e9b8-4bcd-aa8f-337bcdf2f5ba
4 Am 10 September,1,a5a75621-e9b8-4bcd-aa8f-337bcdf2f5ba
Lithuania,3,a5a75621-e9b8-4bcd-aa8f-337bcdf2f5ba
Secondly,1,a5a75621-e9b8-4bcd-aa8f-337bcdf2f5ba
Ukrainian,3,a5a75621-e9b8-4bcd-aa8f-337bcdf2f5ba
Thirdly,1,a5a75621-e9b8-4bcd-aa8f-337bcdf2f5ba
Estonia,1,a5a75621-e9b8-4bcd-aa8f-337bcdf2f5ba
Pskov,1,a5a75621-e9b8-4bcd-aa8f-337bcdf2f5ba
Two,2,a5a75621-e9b8-4bcd-aa8f-337bcdf2f5ba
Romania,1,a5a75621-e9b8-4bcd-aa8f-337bcdf2f5ba
Europeans,1,a5a75621-e9b8-4bcd-aa8f-337bcdf2f5ba
Trump,2,a5a75621-e9b8-4bcd-aa8f-337bcdf2f5ba
Vladimir Putin,1,a5a75621-e9b8-4bcd-aa8f-337bcdf2f5ba
Russians,1,a5a75621-e9b8-4bcd-aa8f-337bcdf2f5ba
Yeshuv As Israel,1,a5a75621-e9b8-4bcd-aa8f-337bcdf2f5ba
Ukraine,5,491911e2-9521-4ec3-ad22-eca3c4f6d671
Poland,7,491911e2-9521-4ec3-ad22-eca3c4f6d671
Russia,3,491911e2-9521-4ec3-ad22-eca3c4f6d671
Ukrainians,1,491911e2-9521-4ec3-ad22-eca3c4f6d671
Russian,2,491911e2-9521-4ec3-ad22-eca3c4f6d671
Polish,3,491911e2-9521-4ec3-ad22-eca3c4f6d671
Nato,11,491911e2-9521-4ec3-ad22-eca3c4f6d671
Night Of 10 September,1,491911e2-9521-4ec3-ad22-eca3c4f6d671
F-16,1,491911e2-9521-4ec3-ad22-eca3c4f6d671
Dutch,1,491911e2-9521-4ec3-ad22-eca3c4f6d671
F-35S,1,491911e2-9521-4ec3-ad22-eca3c4f6d671
Italian,1,491911e2-9521-4ec3-ad22-eca3c4f6d671
Awacs,1,491911e2-9521-4ec3-ad22-eca3c4f6d671
Two,1,491911e2-9521-4ec3-ad22-eca3c4f6d671
Donald Tusk,1,491911e2-9521-4ec3-ad22-eca3c4f6d671
Only 19,1,491911e2-9521-4ec3-ad22-eca3c4f6d671
Only 3,1,491911e2-9521-4ec3-ad22-eca3c4f6d671
4,1,491911e2-9521-4ec3-ad22-eca3c4f6d671
Belarus,1,491911e2-9521-4ec3-ad22-eca3c4f6d671
Bpl,1,491911e2-9521-4ec3-ad22-eca3c4f6d671
Polish Air Force,1,491911e2-9521-4ec3-ad22-eca3c4f6d671
Year,1,491911e2-9521-4ec3-ad22-eca3c4f6d671
Ukrainian,4,491911e2-9521-4ec3-ad22-eca3c4f6d671
Sergey Beskrestnov,3,491911e2-9521-4ec3-ad22-eca3c4f6d671
Meta Corporation,1,491911e2-9521-4ec3-ad22-eca3c4f6d671
Russian Federation,2,491911e2-9521-4ec3-ad22-eca3c4f6d671
Poles,2,491911e2-9521-4ec3-ad22-eca3c4f6d671
Germany,2,491911e2-9521-4ec3-ad22-eca3c4f6d671
Dnipro,1,491911e2-9521-4ec3-ad22-eca3c4f6d671
Mark Rutte,1,491911e2-9521-4ec3-ad22-eca3c4f6d671
This Night,1,491911e2-9521-4ec3-ad22-eca3c4f6d671
Alliance,3,491911e2-9521-4ec3-ad22-eca3c4f6d671
Only 3-4,1,491911e2-9521-4ec3-ad22-eca3c4f6d671
19,1,491911e2-9521-4ec3-ad22-eca3c4f6d671
Vladimir Putin,2,491911e2-9521-4ec3-ad22-eca3c4f6d671
Every Centimeter,1,491911e2-9521-4ec3-ad22-eca3c4f6d671
Vladimir Putin'Re,1,491911e2-9521-4ec3-ad22-eca3c4f6d671
Banderovsky Theatre,1,491911e2-9521-4ec3-ad22-eca3c4f6d671
Warsaw,1,491911e2-9521-4ec3-ad22-eca3c4f6d671
Meta Company,1,491911e2-9521-4ec3-ad22-eca3c4f6d671
Tonight,1,cad04d99-539a-4e95-b229-7d7369e66764
This Morning,1,cad04d99-539a-4e95-b229-7d7369e66764
Ukrainian,4,cad04d99-539a-4e95-b229-7d7369e66764
Ukraine,1,cad04d99-539a-4e95-b229-7d7369e66764
Russia,12,cad04d99-539a-4e95-b229-7d7369e66764
Poland,20,cad04d99-539a-4e95-b229-7d7369e66764
Portugal,1,cad04d99-539a-4e95-b229-7d7369e66764
2019,1,cad04d99-539a-4e95-b229-7d7369e66764
Ukrainians,2,cad04d99-539a-4e95-b229-7d7369e66764
6,3,cad04d99-539a-4e95-b229-7d7369e66764
7,1,cad04d99-539a-4e95-b229-7d7369e66764
One,2,cad04d99-539a-4e95-b229-7d7369e66764
3,1,cad04d99-539a-4e95-b229-7d7369e66764
19,1,cad04d99-539a-4e95-b229-7d7369e66764
Nato,4,cad04d99-539a-4e95-b229-7d7369e66764
Netherlands,1,cad04d99-539a-4e95-b229-7d7369e66764
Romania,1,cad04d99-539a-4e95-b229-7d7369e66764
F-16 Fighter,1,cad04d99-539a-4e95-b229-7d7369e66764
Dro,1,cad04d99-539a-4e95-b229-7d7369e66764
Ministry Of Defense,1,cad04d99-539a-4e95-b229-7d7369e66764
Bpla,1,cad04d99-539a-4e95-b229-7d7369e66764
Reb,1,cad04d99-539a-4e95-b229-7d7369e66764
Lithuania,1,cad04d99-539a-4e95-b229-7d7369e66764
Warsaw,2,cad04d99-539a-4e95-b229-7d7369e66764
Security Council,1,cad04d99-539a-4e95-b229-7d7369e66764
Two Days,1,cad04d99-539a-4e95-b229-7d7369e66764
Polish,12,cad04d99-539a-4e95-b229-7d7369e66764
Karol Navrotsky,3,cad04d99-539a-4e95-b229-7d7369e66764
European Union,1,cad04d99-539a-4e95-b229-7d7369e66764
A Few Days Ago,1,cad04d99-539a-4e95-b229-7d7369e66764
Andrzej Duda,1,cad04d99-539a-4e95-b229-7d7369e66764
Russian,7,cad04d99-539a-4e95-b229-7d7369e66764
Kiev,16,cad04d99-539a-4e95-b229-7d7369e66764
Donald Tusk,9,cad04d99-539a-4e95-b229-7d7369e66764
First,1,cad04d99-539a-4e95-b229-7d7369e66764
Ministry Of Defence Of Lithuania,1,cad04d99-539a-4e95-b229-7d7369e66764
European,3,cad04d99-539a-4e95-b229-7d7369e66764
Macron,1,cad04d99-539a-4e95-b229-7d7369e66764
Kai Kallas,1,cad04d99-539a-4e95-b229-7d7369e66764
Duddy,1,cad04d99-539a-4e95-b229-7d7369e66764
Zelensky,5,cad04d99-539a-4e95-b229-7d7369e66764
8,1,cad04d99-539a-4e95-b229-7d7369e66764
Europeans,3,cad04d99-539a-4e95-b229-7d7369e66764
Poles,6,cad04d99-539a-4e95-b229-7d7369e66764
Two,1,cad04d99-539a-4e95-b229-7d7369e66764
Cabinet Of Ministers,1,cad04d99-539a-4e95-b229-7d7369e66764
Usa,1,cad04d99-539a-4e95-b229-7d7369e66764
Trump,1,cad04d99-539a-4e95-b229-7d7369e66764
Russia,9,5f068746-e086-4a58-a104-db1fbddbad8f
Poland,10,5f068746-e086-4a58-a104-db1fbddbad8f
Nato,3,5f068746-e086-4a58-a104-db1fbddbad8f
German,1,5f068746-e086-4a58-a104-db1fbddbad8f
Defense,1,5f068746-e086-4a58-a104-db1fbddbad8f
Boris Pistorius,1,5f068746-e086-4a58-a104-db1fbddbad8f
Foreign Ministry Of The Federal Republic Of Germany,1,5f068746-e086-4a58-a104-db1fbddbad8f
Johann Wodefül,1,5f068746-e086-4a58-a104-db1fbddbad8f
Germany,2,5f068746-e086-4a58-a104-db1fbddbad8f
Friedrich Merz,1,5f068746-e086-4a58-a104-db1fbddbad8f
Russian Defense Ministry,2,5f068746-e086-4a58-a104-db1fbddbad8f
Russian,5,5f068746-e086-4a58-a104-db1fbddbad8f
700 Kilometers,1,5f068746-e086-4a58-a104-db1fbddbad8f
Ukraine,9,5f068746-e086-4a58-a104-db1fbddbad8f
Ukrainian Armed Forces,1,5f068746-e086-4a58-a104-db1fbddbad8f
Ukrainian Police,1,5f068746-e086-4a58-a104-db1fbddbad8f
Polish,12,5f068746-e086-4a58-a104-db1fbddbad8f
Interior Ministry,1,5f068746-e086-4a58-a104-db1fbddbad8f
Karolina Gaлецкая,1,5f068746-e086-4a58-a104-db1fbddbad8f
12,1,5f068746-e086-4a58-a104-db1fbddbad8f
Pistorius,1,5f068746-e086-4a58-a104-db1fbddbad8f
Pchevodov,1,5f068746-e086-4a58-a104-db1fbddbad8f
November 2022,1,5f068746-e086-4a58-a104-db1fbddbad8f
Andrzej Duda,4,5f068746-e086-4a58-a104-db1fbddbad8f
One,1,5f068746-e086-4a58-a104-db1fbddbad8f
Vladimir Zelensky,1,5f068746-e086-4a58-a104-db1fbddbad8f
2022,1,5f068746-e086-4a58-a104-db1fbddbad8f
Ukraine'Re,1,5f068746-e086-4a58-a104-db1fbddbad8f
Russians,1,5f068746-e086-4a58-a104-db1fbddbad8f
First Day,1,5f068746-e086-4a58-a104-db1fbddbad8f
Res Futura,1,5f068746-e086-4a58-a104-db1fbddbad8f
38%,1,5f068746-e086-4a58-a104-db1fbddbad8f
34%,1,5f068746-e086-4a58-a104-db1fbddbad8f
15%,1,5f068746-e086-4a58-a104-db1fbddbad8f
Flightradar24,1,5f068746-e086-4a58-a104-db1fbddbad8f
Lapša Media,1,5f068746-e086-4a58-a104-db1fbddbad8f
Commission,1,5f068746-e086-4a58-a104-db1fbddbad8f
Rbc,1,5f068746-e086-4a58-a104-db1fbddbad8f
Last Night,1,74a5ad3b-dd51-4e0e-a669-eaae733e1f10
Polish,8,74a5ad3b-dd51-4e0e-a669-eaae733e1f10
Donald Tusk,3,74a5ad3b-dd51-4e0e-a669-eaae733e1f10
Cesari Tomcic,1,74a5ad3b-dd51-4e0e-a669-eaae733e1f10
Republic,7,74a5ad3b-dd51-4e0e-a669-eaae733e1f10
General Staff,1,74a5ad3b-dd51-4e0e-a669-eaae733e1f10
Republican,3,74a5ad3b-dd51-4e0e-a669-eaae733e1f10
United States,1,74a5ad3b-dd51-4e0e-a669-eaae733e1f10
House Of Representatives,1,74a5ad3b-dd51-4e0e-a669-eaae733e1f10
Joe Wilson,3,74a5ad3b-dd51-4e0e-a669-eaae733e1f10
Russia,1,74a5ad3b-dd51-4e0e-a669-eaae733e1f10
United States House Of Representatives Committee On Armed Forces,1,74a5ad3b-dd51-4e0e-a669-eaae733e1f10
Poland,2,74a5ad3b-dd51-4e0e-a669-eaae733e1f10
Nato,2,74a5ad3b-dd51-4e0e-a669-eaae733e1f10
United States House Of Representatives,1,74a5ad3b-dd51-4e0e-a669-eaae733e1f10
Russian,2,74a5ad3b-dd51-4e0e-a669-eaae733e1f10
Night,2,74a5ad3b-dd51-4e0e-a669-eaae733e1f10
Ukraine,2,74a5ad3b-dd51-4e0e-a669-eaae733e1f10
Chosnuvka,1,74a5ad3b-dd51-4e0e-a669-eaae733e1f10
Lublinsk Voevodstvo,1,74a5ad3b-dd51-4e0e-a669-eaae733e1f10
Two,1,74a5ad3b-dd51-4e0e-a669-eaae733e1f10
Jěšuv-Ясенka,1,74a5ad3b-dd51-4e0e-a669-eaae733e1f10
Lublin,1,74a5ad3b-dd51-4e0e-a669-eaae733e1f10
Night Of 9 To,1,74a5ad3b-dd51-4e0e-a669-eaae733e1f10
Union,1,74a5ad3b-dd51-4e0e-a669-eaae733e1f10